"","FY","State","StateName","VetPop","TotX","CP","Cons","EduVoc","Loan","GOE","InsInd","MedCare","Uniques"
"1","2007","AL","Alabama",416947.044383896,1534602.96013016,874876.220351888,10522.10859,58784.7035773386,0,22508.2976,22535.0376056109,545376.592405318,97907
"2","2007","AK","Alaska",74556.6519960756,244521.700066594,119804.082369977,4240.35305,11142.0158069756,0,3616.72877,2499.77103575564,103218.749033886,13767
"3","2007","AZ","Arizona",567631.659024887,1684703.01663724,806046.357377797,11927.29683,85654.0371553707,0,43628.15264,38399.3541181168,699047.818515952,119252
"4","2007","AR","Arkansas",262374.286474407,1198760.23475235,573664.459114843,4240.22662,32305.6537203058,0,25576.34538,15534.029470599,547439.520446604,85920
"5","2007","CA","California",2131939.09446646,6563257.45516908,2828637.98095984,100809.40934,314249.303899733,0,125226.73439,183341.857894334,3010992.16868517,393865
"6","2007","CO","Colorado",427705.771707401,1188979.19334037,626791.101485531,13869.17678,77770.4719177991,0,39208.85423,29879.9077159716,401459.681211073,70419
"7","2007","CT","Connecticut",253799.848104147,629318.654600569,213376.654243476,4367.77033,42599.5153963968,0,10460.19811,28847.6666966222,329666.849824074,54216
"8","2007","DE","Delaware",80592.2412589414,188186.111823017,89792.2281337434,0,7780.57661042298,0,3219.16947,5275.17832965215,82118.9592791989,13824
"9","2007","DC","District of Columbia",39243.2586698417,1666575.55017975,90232.4864959371,161385.79393,14187.5690144776,0,1257787.71124,3241.11362321327,139740.87587612,10659
"10","2007","FL","Florida",1746538.67287422,5684838.63236978,2755443.60863056,72199.47794,222907.85790475,0,95987.43934,143365.431157949,2394934.81739652,441648
"11","2007","GA","Georgia",765289.405808521,2355619.28121005,1227579.94065485,6459.84102,166499.319526107,0,73341.52348,43089.1690760172,838649.487453071,140381
"12","2007","HI","Hawaii",118633.387520296,336291.951285313,174875.715698369,414.4016,20931.3937064262,0,9753.16172,13195.1743536707,117122.104206847,19657
"13","2007","ID","Idaho",137151.904372425,403660.735997709,201041.884019185,692.09697,17107.0324102153,0,4720.73848,7430.31828051682,172668.665837792,32974
"14","2007","IL","Illinois",841679.498790907,2210728.81570389,739159.479567549,57505.65666,99379.589464639,0,78936.51765,70672.1436458955,1165075.42871581,184259
"15","2007","IN","Indiana",517763.764212776,1215536.63647742,518640.059358173,13598.00136,41412.5294543069,0,20163.56673,26739.3804190019,594983.099155934,114723
"16","2007","IA","Iowa",251420.44900067,674838.01962981,273938.143678542,291.5,22209.183752699,0,6701.18067,20146.1423616001,351551.869166969,68878
"17","2007","KS","Kansas",236595.699974136,678306.810587412,292485.194321883,1472.66801,29737.9274667723,0,9920.11853,16867.3553726693,327823.546886087,60157
"18","2007","KY","Kentucky",347012.956905914,1242309.97332117,617689.567014936,2665.81968,42512.0418580542,0,17140.31943,18108.1750993305,544194.050238851,94860
"19","2007","LA","Louisiana",325992.067303825,1138026.58288875,571054.829799556,1292.19399,38999.1951216052,0,18729.50241,20452.0769350496,487498.784632543,83431
"20","2007","ME","Maine",144006.644007138,564035.907833282,311564.352361012,377.61126,25062.5063671462,0,8387.61659,9543.68628191358,209100.13497321,38918
"21","2007","MD","Maryland",484012.795188893,1242613.67907159,546252.802460128,8747.65954,62064.898778992,0,18936.79051,38381.6846014945,568229.843180975,75844
"22","2007","MA","Massachusetts",440900.692056468,1420023.02227733,610631.595940328,4080.15334,44719.5681381855,0,20098.3902,47569.7622350118,692923.552423801,82138
"23","2007","MI","Michigan",761308.070716281,1679508.49255414,797861.713939409,11822.23046,64558.8052825392,0,34087.79205,48116.7881464609,723061.162675733,124750
"24","2007","MN","Minnesota",408467.992656224,1277758.80274143,570265.817957641,9936.3208,41122.1801789156,0,46984.76325,33476.7900103727,575972.930544497,96875
"25","2007","MS","Mississippi",215803.802762367,918553.81030659,400015.50480938,43303.90554,21849.2274156797,0,20580.50954,12637.7029544985,420166.960047032,70030
"26","2007","MO","Missouri",530799.021873959,1567041.78988744,699360.696646986,10004.14208,59876.5755032959,0,64983.5024,34118.2703747188,698698.602882439,129729
"27","2007","MT","Montana",104391.480948492,346634.074121469,180667.271995084,3096.0931,13261.1552480752,0,5159.88438,7192.58942142622,137257.079976884,30240
"28","2007","NE","Nebraska",152842.936279112,516322.972117406,214673.232637983,6725.52505,22716.0456645732,0,11143.60189,13243.2562018407,247821.310673009,43966
"29","2007","NV","Nevada",245772.709282488,763013.686095558,321105.397346467,36989.43593,27421.9826937149,0,10232.84614,12556.0163200879,354708.007665288,54070
"30","2007","NH","New Hampshire",132289.867014512,356852.340595578,164806.277536302,292.99666,17640.3541367963,0,7018.16776,9828.53485213961,157266.00965034,26507
"31","2007","NJ","New Jersey",506752.081873146,1204049.57045395,549562.547613867,5152.20417,62138.267452828,0,12309.90391,57659.003218834,517227.644088422,83153
"32","2007","NM","New Mexico",179497.010837924,769801.222661362,399911.990472478,2644.08576,31501.3302101443,0,10139.70236,12371.2230004657,313232.890858274,56278
"33","2007","NY","New York",1065748.76223207,3569620.51228021,1257617.00752294,6441.47738,160588.70900661,0,92737.50492,107288.935878453,1944946.87757221,249163
"34","2007","NC","North Carolina",773630.024024096,2582760.11860011,1425344.25769547,6551.5152,132559.963317681,0,48488.2211,43314.7782089274,926501.383078031,168807
"35","2007","ND","North Dakota",58283.4477330495,181298.035594529,89404.4045032448,690.06085,9821.71002065979,0,4249.62555,3569.93445629202,73562.3002143322,17293
"36","2007","OH","Ohio",957889.223076405,2970790.97830783,1029532.82872482,62074.51879,81176.8461532609,0,515546.1826,66597.4492979915,1215863.15274176,199167
"37","2007","OK","Oklahoma",338085.886328012,1452479.8345673,886984.221956577,597.79357,59963.9416690958,0,51482.07379,19072.7204769693,434379.083104658,81997
"38","2007","OR","Oregon",351697.1040729,1239452.4667683,604849.646363141,15256.93629,48156.3248303798,0,29415.79546,23801.8490342013,517971.914790577,81470
"39","2007","PA","Pennsylvania",1057072.89112216,2840523.16084352,1167287.26046784,73036.56776,84552.9894743175,0,109245.51982,90000.4445245032,1316400.37879686,239251
"40","2007","RI","Rhode Island",79616.1800284688,274899.08395024,125657.29126639,132.04459,7462.39819952454,0,7821.73331,8028.46547303431,125797.151111291,20349
"41","2007","SC","South Carolina",410076.495364918,1381426.63117118,756713.929297119,8074.02148,62446.1828494727,0,22379.41456,23860.7934294951,507952.289555095,99162
"42","2007","SD","South Dakota",74273.4821521431,352533.527264111,136364.592249958,0,11999.2561009499,0,5721.86626,4917.47438282815,193530.338270375,30476
"43","2007","TN","Tennessee",512156.110259683,1685554.6001681,785980.483172097,8989.62086,61461.4064723117,0,35636.57862,27720.0690958879,765766.441947803,119208
"44","2007","TX","Texas",1707365.41157578,6282525.11473025,3215515.93166409,17536.24715,311970.097794983,205062.86065,144522.16436,105190.286973458,2282727.52613772,391155
"45","2007","UT","Utah",157011.798030578,446917.094571172,183098.455740652,308.74943,21141.2337294769,0,14547.94482,11548.2167818738,216272.494069169,31075
"46","2007","VT","Vermont",55382.1677834411,176808.348527795,72724.7818537092,11.86286,18284.6408631303,0,2909.55755,4378.78565882256,78498.7197421326,14850
"47","2007","VA","Virginia",807325.908804446,2124954.46479371,1167854.43496673,3257.90721,145009.244254047,0,44808.26745,53846.7742531779,710177.836659759,119475
"48","2007","WA","Washington",643302.183122425,1782903.7317706,1025951.47427178,4929.05834,94879.6225253687,0,26600.2886,40864.9822909951,589678.305742457,93320
"49","2007","WV","West Virginia",177544.144283808,895328.16567458,375149.352541998,3313.3382,57728.8599825044,0,47233.74585,9282.65810436287,402620.210995715,60714
"50","2007","WI","Wisconsin",446414.689226329,1282246.73946716,571184.538685019,562.85856,42449.7638770841,0,29354.99064,35705.0953819941,602989.492323067,110554
"51","2007","WY","Wyoming",56124.829123657,192589.239415182,73165.8129627203,553.55935,5289.03183461013,0,855.5693,2873.6892919407,109851.576675911,18451
"52","2007","PR","Puerto Rico",122640.276987437,929403.706247676,466295.920598133,30668.92641,20672.09546,0,15254.69199,2468.05351831379,394044.018271229,63186
"53","2008","AL","Alabama",413578.880435407,1714683.46267971,990465.516059335,8953.42655,58268.9238228554,0,28783.01779,21573.8442422648,606638.734215258,100488.446137376
"54","2008","AK","Alaska",75596.7653518245,277988.669645746,134191.018063025,15369.90488,10517.88726969,0,4868.93599,2312.83744134487,110728.086001686,14431.6544486036
"55","2008","AZ","Arizona",564795.831156794,1874262.5209957,891942.971851935,14985.25028,86662.2044678479,0,62103.53063,33596.4360234981,784972.127742419,122558.034698091
"56","2008","AR","Arkansas",260073.90395376,1320406.79997898,632338.733465814,6211.70924,31298.758296105,0,37264.89375,11851.7780813413,601440.927145716,87418.1364146218
"57","2008","CA","California",2078267.32801819,7152712.16696841,3158634.86174518,70439.29459,310005.100700494,0,170925.38299,155717.045736229,3286990.4812065,408252.379508118
"58","2008","CO","Colorado",426161.861268954,1388469.83202297,712531.927624328,51009.86666,76491.9903867873,0,54206.06881,27126.8603886497,467103.118153201,72800.4348543298
"59","2008","CT","Connecticut",245642.751175547,679924.082258038,236035.57483735,1467.44445,42845.3371113165,0,13690.70445,23981.6166088698,361903.404800501,53935.6578304412
"60","2008","DE","Delaware",79915.5419592631,213192.641696416,101716.543934959,115.8412,6841.75612724232,0,4642.32371,4334.88325022158,95541.2934739932,13891.5176727341
"61","2008","DC","District of Columbia",38589.1353134909,1675905.09996191,103303.833729388,173507.68984,14044.1512133663,0,1232827.40147,2646.04985956749,149575.97384959,10304.6093796448
"62","2008","FL","Florida",1715114.43380928,6342117.52881727,3067797.14243709,107942.53056,225209.219972532,0,129573.83999,123494.863385136,2688099.93247251,442250.988789241
"63","2008","GA","Georgia",769567.056974631,2650371.30957647,1389206.55511148,4739.23914,169517.046589839,0,92425.2918,38042.5926613482,956440.584273797,146425.078418505
"64","2008","HI","Hawaii",118017.179811839,368899.192564331,197498.417278319,1149.62808,19602.4856402548,0,12324.36718,11577.2909662979,126747.00341946,20229.1225096035
"65","2008","ID","Idaho",137202.804190354,458679.437819241,222034.014806418,2896.81631,16756.9200797444,0,6609.24583,6672.28510521731,203710.155687862,33812.5621694342
"66","2008","IL","Illinois",822104.203176804,2398755.54849552,851368.721138849,24052.15268,95238.0409245306,0,85054.73533,63283.1865749889,1279758.71184715,184174.637532055
"67","2008","IN","Indiana",509313.441383536,1387013.67223071,602184.480085749,5223.16555,41357.6141521565,0,28162.68664,22824.9425751591,687260.783227646,116688.548400309
"68","2008","IA","Iowa",245845.061055477,755339.927408068,322473.169550757,129.39864,23290.2849961345,0,8049.75571,17407.6562570958,383989.66225408,69154.5116172103
"69","2008","KS","Kansas",232867.720249945,759680.313697751,328384.399300385,207.55442,27970.9035727059,0,21131.80365,16410.9917784278,365574.660976232,60224.2502561669
"70","2008","KY","Kentucky",343557.883849023,1399801.90890807,711243.003259551,740.51342,43228.5906542373,0,24456.16107,14291.2397650759,605842.400739201,97296.6378933029
"71","2008","LA","Louisiana",318923.863405315,1277585.00755981,641160.466235698,5737.36345,36795.5454482231,0,25195.93559,16803.9697571459,551891.727078744,82951.0052275229
"72","2008","ME","Maine",142315.90612166,614997.571125505,342467.649417757,1614.60544,23729.4056005779,0,12482.83456,8366.96858147218,226336.107525698,39026.8825631528
"73","2008","MD","Maryland",480217.988184231,1365882.97495265,611915.488528554,7266.39083,59498.8405008243,0,28519.90197,34000.0684688893,624682.284654384,76333.3294698321
"74","2008","MA","Massachusetts",424765.354727223,1510357.77479095,657361.822189454,2764.52438,42860.4989278296,0,29524.20771,40950.1573304327,736896.564253229,83006.0191583985
"75","2008","MI","Michigan",742220.55815102,1887206.09004877,918187.169203466,3913.79731,63417.8069922351,0,43899.69136,42209.9705920228,815577.654591043,127092.182855529
"76","2008","MN","Minnesota",399496.247626114,1480071.82647142,652123.293125276,31599.1037,43836.4744238825,0,60903.92774,30217.3821656799,661391.645316583,99840.282006333
"77","2008","MS","Mississippi",212507.6572017,983827.544023866,429787.251001008,30120.88905,21629.0945488205,0,30139.99081,11086.6309450954,461063.687668942,69986.7223533648
"78","2008","MO","Missouri",522797.785742339,1783769.49791104,809602.097658311,5111.82657,58462.8201000674,0,88106.99231,28375.7776137246,794109.983658933,130189.96729047
"79","2008","MT","Montana",103729.676381848,394343.207637101,204913.693303005,496.80255,13047.0483366489,0,7082.22376,6080.75789434791,162722.681793099,30793.7977442966
"80","2008","NE","Nebraska",150394.023305233,634367.962862039,306509.802205531,8938.79303,22629.0980299214,0,19216.6436,10403.1413446475,266670.484651939,43961.13203605
"81","2008","NV","Nevada",245608.016294437,862760.332207779,363096.82768143,57023.61711,28089.5598372197,0,14283.09583,10314.1801887473,389953.051560382,55430.0362436803
"82","2008","NH","New Hampshire",131027.34113556,387592.590236441,177669.849125623,2740.42645,17618.6154146616,0,8434.16134,8198.77969687486,172930.758209281,26682.7567279561
"83","2008","NJ","New Jersey",484749.913351222,1303432.88532788,611038.941379519,4046.03351,61434.6488445855,0,16195.13267,50784.072811528,559934.056112247,81318.5918604504
"84","2008","NM","New Mexico",178081.746574414,818226.142839498,437304.716294507,-205.34619,29471.3076390663,0,14604.89244,10586.7331929991,326463.839462925,56358.271295545
"85","2008","NY","New York",1026289.25525613,3762505.96970117,1377655.49692651,14557.35922,155919.976255164,0,112182.05385,92290.6671528808,2009900.41629661,246546.431598948
"86","2008","NC","North Carolina",772263.925977952,2910699.73925286,1609267.93819422,10181.18374,127301.008368573,0,66637.3567,39536.1723732129,1057776.07987685,171827.510936992
"87","2008","ND","North Dakota",57702.8265739314,201964.77242901,99911.6752615763,8.74509,8963.52746953793,0,6127.8168,3425.27447460573,83527.7333332901,17735.4910610058
"88","2008","OH","Ohio",935439.929142463,3503208.23978912,1173148.39919785,36502.41629,80003.7415639621,0,803449.6476,56316.0257298841,1353788.00940743,201696.07438929
"89","2008","OK","Oklahoma",333876.710581077,1625516.34710802,993453.491131186,2738.85323,57476.7978859309,0,63030.04697,18146.2036248506,490670.954266051,83700.1949407197
"90","2008","OR","Oregon",345872.646486696,1369120.53947885,690566.416629423,12591.14981,46135.0959476416,0,35550.67067,20646.7871948763,563630.419226912,83771.2129242136
"91","2008","PA","Pennsylvania",1025769.86274747,3101407.88674546,1289040.60213687,62177.49934,81725.6417983974,0,133750.5799,76053.5134787016,1458660.05009149,239330.604374646
"92","2008","RI","Rhode Island",76726.0878090591,294905.371375731,133689.337604318,747.09897,7056.02073009964,0,8964.12001,6264.92553505717,138183.868526257,20003.0652663692
"93","2008","SC","South Carolina",409648.179758691,1604913.9754787,882194.890111576,10978.13823,62739.1539720674,0,31323.97763,20721.8257570543,596955.989778,103154.121151622
"94","2008","SD","South Dakota",73503.9324422644,387716.740106668,150856.311520276,79.748,11950.9349935575,0,9253.25478,4492.90797732243,211083.582835513,30602.749366165
"95","2008","TN","Tennessee",507149.531203234,1873512.23375496,900195.043295305,3468.64048,60402.9578345428,0,51650.65997,23990.2219124204,833804.71026269,122195.943007601
"96","2008","TX","Texas",1705311.04073107,7546051.3624288,3628436.23423118,45080.43758,303922.884747642,814523.74891,178379.9145,86835.4498436182,2488872.69261637,396968.522158887
"97","2008","UT","Utah",156107.423047709,508229.234835893,207248.745853307,2152.18975,21327.1216282118,0,24472.81399,8573.07960554902,244455.284008825,31414.9550365466
"98","2008","VT","Vermont",54305.5160316572,190041.64823026,81194.0507339572,395.28592,17632.9204106085,0,4293.59065,3868.10739200789,82657.6931236868,14901.7734942679
"99","2008","VA","Virginia",813977.097083595,2414460.58741966,1357030.62802954,4789.00696,143255.801100333,0,73806.28607,46409.5554952105,789169.309764577,122497.019247484
"100","2008","WA","Washington",640418.671749513,2012165.16054885,1131877.48648999,12044.58447,95445.7873870783,0,40601.01405,38149.5960954945,694046.692056282,97250.626242025
"101","2008","WV","West Virginia",174163.3966869,1046673.37847593,426830.979709635,1763.36571,57531.3085200587,0,115437.43512,7637.23127837469,437473.058137866,60998.44630158
"102","2008","WI","Wisconsin",436957.78824982,1457734.6602731,641996.161204119,3694.04717,43302.2693117313,0,42232.64238,30052.6050883664,696456.935118883,112816.567919955
"103","2008","WY","Wyoming",56140.6193341705,216217.878819714,83180.4247267538,0,5061.66529468404,0,2909.12163,2497.43294855577,122569.23421972,18836.7699318065
"104","2008","PR","Puerto Rico",119295.863786483,1003152.48376329,491507.719360623,33038.70994,19329.5969759636,0,22593.01322,2263.34408139647,434420.10018531,64401.3079895582
"105","2009","AL","Alabama",409996.943391245,1971677.7332721,1145325.14779968,9309.8592,73788.6141030135,0,31854.46927,26515.1589298212,684884.483969586,97786.2584153042
"106","2009","AK","Alaska",76467.8604161835,345074.238495711,150008.059204436,45495.4692,12795.303384522,0,5072.33141,2465.64332852641,129237.431968226,14526.2775432785
"107","2009","AZ","Arizona",561387.294735701,2128911.43753631,950928.505882791,9128.08546,113743.737600402,0,100434.51085,36864.4228308763,917812.174912239,119608.688997366
"108","2009","AR","Arkansas",257625.447564037,1503314.77502464,718243.348513477,14436.55331,39831.825436983,0,41753.92913,14606.4739123627,674442.644721815,84597.5589075191
"109","2009","CA","California",2025933.54047116,8068918.06599186,3472898.47914273,143509.79727,420520.554708182,0,176375.22085,166244.879291481,3689369.13472946,388970.093759076
"110","2009","CO","Colorado",424227.809355268,1522302.29720873,804598.540478172,7902.22245,96836.0198680082,0,55940.76111,31332.0900926637,525692.663209882,73598.8057869402
"111","2009","CT","Connecticut",237695.947668455,781794.67170301,270828.307395,2728.29591,56791.9185492132,0,15751.55173,25111.5567886107,410583.041330186,50510.8282976991
"112","2009","DE","Delaware",79166.3510955579,255329.004831455,122820.235943102,3335.7971,9231.79027969434,0,5215.4607,5135.87411449834,109589.846694161,13525.8452055872
"113","2009","DC","District of Columbia",37947.5664679478,1595912.27140123,62626.8475433168,137327.48199,6284.78538557112,0,1203892.19035,2920.86754525862,182860.098587079,9198.97534507205
"114","2009","FL","Florida",1683899.30088604,7254247.39524502,3476355.45849973,146391.39244,308118.966246787,0,143538.15635,141184.477573053,3038658.94413545,433737.440006089
"115","2009","GA","Georgia",772831.743026745,3126536.20808237,1638346.50382468,7304.55262,233493.393941708,0,104713.96778,49904.5847142035,1092773.20520178,148603.219008337
"116","2009","HI","Hawaii",117254.158252796,413840.986742792,220837.292032195,1621.518,22389.979622335,0,13063.03488,13408.5534026419,142520.60880562,19220.3060717264
"117","2009","ID","Idaho",137099.493626484,523392.427865109,244957.247334122,13057.46305,24709.2999678104,0,7073.7082,7623.36697325736,225971.34233992,34384.859446452
"118","2009","IL","Illinois",802834.042425777,2720362.55384054,980148.61438887,26956.10815,134689.519794671,0,79122.73915,65604.0747579045,1433841.4975991,170629.737787288
"119","2009","IN","Indiana",500806.359546827,1627871.2349823,718700.484917606,6338.47409,56833.7936805706,0,29495.72101,28126.5951392416,788376.166144877,116876.508283131
"120","2009","IA","Iowa",240316.776016658,842055.410982944,349403.20961683,962.63289,32637.3860018356,0,8881.73028,19466.5261152554,430703.926079023,67776.2895815766
"121","2009","KS","Kansas",229145.197922979,859632.578899672,364027.618014805,954.24631,38554.6319259115,0,22082.8846,18221.7093459351,415791.488703021,56445.3929248842
"122","2009","KY","Kentucky",339941.796652134,1633797.22770656,825210.700044543,2124.44401,54918.5759684627,0,26496.68433,17349.7910311429,707697.032322408,94213.7145374084
"123","2009","LA","Louisiana",312087.159678183,1454955.86660063,732078.945967349,32818.57015,54869.519520723,0,27684.9877,20481.6018969179,587022.24136564,81178.08117729
"124","2009","ME","Maine",140551.949961388,693774.802082708,383572.578259925,4333.05871,29128.6677175377,0,15363.9652,9623.17023200956,251753.361963236,37647.2692996635
"125","2009","MD","Maryland",476201.522141295,1584010.92991541,716029.720851489,7824.40529,81935.3598216352,0,30756.27711,39313.6494592169,708151.517383069,73885.9298678577
"126","2009","MA","Massachusetts",409183.692760278,1695609.96172435,752735.862183306,4040.18342,58772.4651001319,0,30537.27388,45541.6682826274,803982.508858282,77777.6116614771
"127","2009","MI","Michigan",723367.799282439,2224782.73465143,1076828.68614549,8202.3206,77696.8908523118,0,47709.83988,45541.7113464724,968803.285827163,126431.637540421
"128","2009","MN","Minnesota",390575.983139129,1678830.01230299,729214.602906414,9718.6422,68564.9643168297,0,71066.53676,32448.4639033524,767816.802216398,99935.1870766653
"129","2009","MS","Mississippi",209241.713136615,1103143.86953446,490414.719547728,49205.11554,32807.2881646631,0,28680.6561,15364.9526716728,486671.137510395,66248.6294019218
"130","2009","MO","Missouri",514723.898397079,2051357.11033463,890644.377870295,4165.68006,72981.5502414765,0,105505.10436,34370.3972065897,943690.000596268,125955.43174768
"131","2009","MT","Montana",102986.225559758,451635.823073856,225864.218613405,2352.46358,16774.7099261022,0,7240.76175,6975.07995507612,192428.589249273,30352.1166932182
"132","2009","NE","Nebraska",147927.549645098,763467.669382802,369853.202380639,23343.88886,33215.9618543102,0,22003.80659,12021.4769662708,303029.332731582,43205.6713678767
"133","2009","NV","Nevada",245064.350735774,1044380.06006411,405948.296856495,111649.76967,38284.9406461177,0,13947.84628,12908.4102480093,461640.796363489,55778.1045556441
"134","2009","NH","New Hampshire",129628.68284982,446589.019539172,205365.448330989,2193.23479,21843.3317817112,0,8845.35042,9001.54914177953,199340.105074692,25858.1746323086
"135","2009","NJ","New Jersey",463719.842220673,1437964.0883684,700166.646956278,2439.82211,80476.4522757247,0,18632.54374,52772.3621709075,583476.26111549,76672.1339283281
"136","2009","NM","New Mexico",176565.677864975,959847.033063936,512479.854681302,3453.83237,38203.3363269869,0,13862.26943,12198.1665513769,379649.573704271,46402.0526868006
"137","2009","NY","New York",988216.796635748,4234067.86080132,1563168.07458058,31398.3327,175138.299508199,0,126835.06782,99566.8574714067,2237961.22872114,228452.726041173
"138","2009","NC","North Carolina",770080.225833189,3421440.04474194,1883966.56229929,14780.02384,175818.924156341,0,75018.83779,50814.9772398346,1221040.71941648,175560.868779768
"139","2009","ND","North Dakota",57073.8658588858,230131.479653074,110353.886404096,140.92935,11610.184701239,0,6379.11482,3915.3166592476,97732.0477184916,17372.5075440105
"140","2009","OH","Ohio",913295.555780835,4376616.16762854,1343327.47383445,43892.23372,111814.721900999,0,1211478.21836,63182.988171579,1602920.53164151,198875.944409665
"141","2009","OK","Oklahoma",329601.343091346,1869433.54118671,1128791.02535325,3203.50822,70857.9845602112,0,84857.99775,19963.6287417337,561759.396561511,82893.8226364307
"142","2009","OR","Oregon",340019.915741625,1508594.81879406,740512.093155024,10318.66855,51921.2560701462,0,37755.98342,21566.0474675222,646520.770131364,82591.6920704479
"143","2009","PA","Pennsylvania",995135.358482412,3508671.05102744,1483206.96639465,47829.40212,102054.2547622,0,156149.70746,81538.618167989,1637892.1021226,228606.792621177
"144","2009","RI","Rhode Island",73957.3448365791,342704.752587741,151783.310408734,13236.49361,8459.34619853218,0,9384.89593,6144.83364853936,153695.872791936,19406.386486537
"145","2009","SC","South Carolina",408746.805882664,1889272.63701764,1021050.68103221,13491.52844,82272.0685194559,0,43256.25247,27632.4155116708,701569.691044301,104587.19744693
"146","2009","SD","South Dakota",72703.5092995495,434343.124753891,165284.848490155,1772.75262,12980.7767888999,0,9178.71856,5338.16193233448,239787.866362502,28828.4582429142
"147","2009","TN","Tennessee",501906.971476493,2249313.78799999,1108174.61163218,14584.65793,83925.1788405295,0,57775.22575,30270.372529803,954583.741317484,118822.34917994
"148","2009","TX","Texas",1701675.45225725,8116633.16716852,4188343.27680602,50006.31958,390709.848006581,328210.95533,209729.26888,105838.009012899,2843795.48955302,383372.674829693
"149","2009","UT","Utah",155052.459041073,590464.077036922,231578.780879167,3042.36926,30647.2782315474,0,40137.97418,10293.6061452185,274764.068340989,31153.4629957089
"150","2009","VT","Vermont",53221.6987437204,220228.980282212,92138.4674065289,2286.12532,22478.4967579527,0,5358.39109,4085.15046403833,93882.3492436925,14193.1335748273
"151","2009","VA","Virginia",819490.473432949,2890512.31311517,1577060.78607995,12962.87421,204380.82376275,0,116031.35754,62761.097612512,917315.373909955,120897.245848312
"152","2009","WA","Washington",637019.170392595,2235252.58389976,1234388.68216226,29270.74377,119510.039428014,0,45480.89865,43475.9533271949,763126.266562284,97210.009388794
"153","2009","WV","West Virginia",170783.441513713,1212615.53773302,475629.030507145,8474.78739,73163.8648218687,0,140656.77479,8633.60396385139,506057.476260154,57624.9026510223
"154","2009","WI","Wisconsin",427527.441744538,1682803.66460776,744492.503977706,6694.57405,62958.6887249359,0,46960.5719,32551.4084053011,789145.917549814,108414.851570937
"155","2009","WY","Wyoming",56078.5989643626,244959.242923163,92453.945058462,0,8153.80194870481,0,2955.97115,3437.35509763973,137958.169668356,17501.5633155726
"156","2009","PR","Puerto Rico",116029.497912918,1087720.71623368,539522.83096178,39394.29936,27360.1942137231,0,24159.42574,2879.7391392308,454404.226818945,59217.5887709385
"157","2009","GU","Guam",8226.61918839283,32597.4227591855,25307.7649579417,0,2336.59378563782,0,0,162.05101560598,4791.013,932.402938728347
"158","2010","AL","Alabama",405624.276454142,2171214.84247342,1181450.1949657,15926.64056,130270.746825734,0,36118.72946,27449.9185251401,779998.612136844,101842
"159","2010","AK","Alaska",77025.432141055,359342.307088974,167393.743411336,13677.80377,35065.1727969169,0,6550.27424,3183.00866997,133472.304200752,15324
"160","2010","AZ","Arizona",556728.974755339,2397241.42831844,1054437.48683122,7956.67366,229540.075290629,0,98141.89184,36992.1062083252,970173.194488269,125972
"161","2010","AR","Arkansas",254663.694033135,1616787.38376072,761122.989559193,30269.44014,60853.7088827245,0,44347.43556,14031.3198523374,706162.489766466,85624
"162","2010","CA","California",1971958.80171897,9124851.60760075,3804601.14940504,136604.17882,991204.737621091,0,190349.87154,170694.004010153,3831397.66620447,405918
"163","2010","CO","Colorado",421342.206606741,1828588.56447454,904508.547655184,23453.73009,219202.408211786,0,69750.91474,30331.1375234417,581341.826254132,78515
"164","2010","CT","Connecticut",229734.407711349,829125.026361349,278862.650554415,2191.14732,85896.956907503,0,14254.20771,24711.5430364475,423208.520832983,50193
"165","2010","DE","Delaware",78246.8040622371,280266.49652661,128983.536945044,5650.00801,22850.0068501072,0,4609.45931,4749.14567637875,113424.33973508,13896
"166","2010","DC","District of Columbia",37267.9813198629,1940240.88636227,64135.2392457317,133978.34537,17652.8998273511,0,1538075.85719,3200.15228138825,183198.3924478,9413
"167","2010","FL","Florida",1650876.35731915,8041289.20464099,3668460.11088422,217585.61782,600433.534714093,0,150589.97612,140464.907605265,3263755.05749742,448858
"168","2010","GA","Georgia",773858.368068654,3481761.34143803,1722942.87368627,15943.87092,372060.133967016,0,126945.82664,49477.4500721621,1194391.18615258,158032
"169","2010","HI","Hawaii",116165.788789159,537128.320025561,243813.114560919,8466.64451,82546.0273588289,0,14651.99468,13650.15867281,174000.380243003,20571
"170","2010","ID","Idaho",136625.342712598,576366.348581702,275862.467469752,1199.24551,37356.5469593975,0,9018.59269,8708.71842972,244220.777522833,35883
"171","2010","IL","Illinois",782746.72918182,2985040.83457854,1039464.95590088,24888.64815,250886.375112192,0,87127.17629,65340.8606796318,1517332.81844584,171289
"172","2010","IN","Indiana",491604.561607126,1814121.03911262,777648.129234963,10277.11556,102091.597120585,0,33056.24634,26815.4360750662,864232.51478201,122335
"173","2010","IA","Iowa",234552.496980429,891159.475366384,378656.718410557,777.30519,48308.2018565387,0,11165.30543,18572.7224675648,433679.222011723,69128
"174","2010","KS","Kansas",225090.581660664,937194.616221517,393704.826776129,7041.46523,66961.6059752262,0,26949.95614,16698.2446170953,425838.517483067,57075
"175","2010","KY","Kentucky",335670.33508539,1761191.68491666,886451.26778283,3219.92606,91568.3937412088,0,28308.3795,21375.8276196008,730267.890213021,97776
"176","2010","LA","Louisiana",304888.743827567,1585152.04711221,768086.559275152,25291.86952,86678.1395840463,0,28846.32775,21346.3965739926,654902.75440902,83013
"177","2010","ME","Maine",138550.563944243,743795.406097177,410055.808959033,9871.15387,39812.1976332576,0,18292.0796,9281.72377595868,256482.442258927,38019
"178","2010","MD","Maryland",471237.591817032,1784295.24951728,754755.224060579,8238.39004,205102.830691747,0,35109.41027,38788.1810799063,742301.21337505,76033
"179","2010","MA","Massachusetts",393722.392792787,1821407.57176135,775842.188939224,6969.6455,115126.794104203,0,32024.45638,42881.8257345135,848562.661103412,75413
"180","2010","MI","Michigan",703970.289661031,2400006.68168472,1136034.87534997,25198.73656,138822.409420469,0,52015.62019,44507.7329779286,1003427.30718635,133196
"181","2010","MN","Minnesota",381309.290118398,1832705.22325262,818979.532761897,7942.77517,120999.108834003,0,81536.26981,32051.575620531,771195.961056187,106039
"182","2010","MS","Mississippi",205643.63573973,1238167.38325044,502046.317267448,103067.04263,60241.9590883633,0,29104.99125,15301.6623916594,528405.410622973,68008
"183","2010","MO","Missouri",505915.749352158,2288657.77583265,1005860.8824697,23742.51795,121905.329362649,0,127581.24508,32376.744901573,977191.056068729,130997
"184","2010","MT","Montana",102015.228548321,505710.403359345,255238.160454131,5134.45151,26063.9430387035,0,8196.47025,6914.11124831,204163.2668582,31832
"185","2010","NE","Nebraska",145236.885736818,861136.695924394,433235.115011952,16116.9277,47647.1539463464,0,28107.2307,11217.9590288667,324812.309537229,44430
"186","2010","NV","Nevada",243866.590295056,1264736.86289488,447347.338525777,200312.62362,62505.8048195963,0,14542.4682,12762.9246041147,527265.703125394,57869
"187","2010","NH","New Hampshire",127964.202792347,492833.751776556,212753.137359547,216.26502,40148.9426570312,0,9161.38049,8377.59368889364,222176.432561084,26569
"188","2010","NJ","New Jersey",443161.206457256,1555339.48106077,733454.084773655,2261.61053,152498.52469328,0,19200.18952,49776.1785820433,598148.892961795,77825
"189","2010","NM","New Mexico",174687.160566444,1057364.80176508,574984.597737188,2494.45714,55579.2427577897,0,12880.88986,12511.3849991,398914.229271,46962
"190","2010","NY","New York",950416.51189484,4537260.13556433,1599625.08667984,41345.16068,370899.312087825,0,138299.5091,95469.5501003489,2291621.51691631,230272
"191","2010","NC","North Carolina",765942.010576439,3769311.975311,2000474.88122785,20886.62022,286043.123015965,0,87666.50091,49033.7372519626,1325207.11268523,181529
"192","2010","ND","North Dakota",56309.8371150458,251466.554360416,122247.392352226,623.64555,16560.7820462892,0,6769.73073,3620.17694386354,101644.826738037,17990
"193","2010","OH","Ohio",890339.646560571,5252743.32410267,1384309.74384482,83267.72061,211169.006416378,0,1752983.01704,62179.4579647212,1758834.37822676,209055
"194","2010","OK","Oklahoma",324714.301229063,2073912.30672613,1230737.20662779,3124.63976,104659.487539917,0,109894.3394,20937.8326856277,604558.800712797,85828
"195","2010","OR","Oregon",333752.202241781,1701878.35308104,844587.132326998,17620.87811,87903.4997998153,0,39073.40749,23257.0210274869,689436.414326744,87955
"196","2010","PA","Pennsylvania",964131.820932188,3824044.75103619,1525465.5947351,100992.47035,240643.169801933,0,179176.89781,77362.7809447898,1700403.83739436,237183
"197","2010","RI","Rhode Island",71216.2979908591,361652.536481204,155146.780341362,8840.6715,19526.0217184137,0,12046.52489,6427.40827675,159665.129754678,19655
"198","2010","SC","South Carolina",406729.027347563,2093514.24270061,1086180.71135179,14092.45938,160208.059155229,0,51111.06242,27575.3024155304,754346.64797806,110090
"199","2010","SD","South Dakota",71761.8046292367,455332.801091825,179339.765751098,928.28901,18372.7508597798,0,10243.82463,4994.20257479515,241453.968266153,29291
"200","2010","TN","Tennessee",495765.992191665,2466605.56947249,1212897.2349394,10659.35078,143209.206711114,0,64399.52538,30681.8861807859,1004758.36548119,124733
"201","2010","TX","Texas",1693790.62248449,9402571.74533977,4460760.98786596,62975.14747,778237.088505778,804063.66019,206882.24401,107169.497038943,2982483.12025908,396299
"202","2010","UT","Utah",153622.72446356,675371.394183663,262496.78860885,5321.23952,54801.2649292018,0,48921.7552,12930.9896951983,290899.356230413,31151
"203","2010","VT","Vermont",52081.570540318,239217.159333382,96157.8216956011,6836.86872,28809.5750580077,0,5155.46294,3799.19265702,98458.2382627529,14312
"204","2010","VA","Virginia",822312.278490236,3403757.30231188,1681763.51405996,14890.826,559581.460562231,0,112950.06597,61589.8976331496,972981.538086534,126889
"205","2010","WA","Washington",632209.725577734,2527971.77638785,1391228.68095476,33779.47159,232021.271370962,0,52931.50432,42313.0260004661,775697.822151657,103232
"206","2010","WV","West Virginia",167182.103895685,1306462.87557206,506559.94461553,44884.98861,77151.3253664743,0,152118.29557,9658.08406137721,516090.237348684,58311
"207","2010","WI","Wisconsin",417653.960473865,1876976.57441894,808775.493172081,30909.54473,105741.356552121,0,57209.28101,33790.9247455614,840549.974209179,112788
"208","2010","WY","Wyoming",55849.7365265998,262677.779200153,102431.265654404,634.56575,12106.0088220707,0,3143.807,2701.22004947967,141660.911924199,17855
"209","2010","PR","Puerto Rico",112699.150712788,1107563.82880556,543030.762827398,19785.72059,30360.2780230349,0,23685.27512,3265.5607587723,487436.231486353,58349
"210","2010","GU","Guam",8144.32310553796,40177.1285887046,29231.5976513324,0,4229.69441626286,0,0,942.70485,5773.13167110928,NA
"211","2011","AL","Alabama",400783.937672845,2436375.94556903,1397550.46793903,18410.3829,161535.55032,0,37911.27862,27911.72479,793056.541,105636
"212","2011","AK","Alaska",77350.9891771343,426430.89548824,214218.47465824,342.25301,49099.80876,0,6068.8887,3705.70364,152994.855,15951
"213","2011","AZ","Arizona",551262.232714724,2767974.37005345,1301540.79991345,25915.51818,308911.77668,0,86631.32214,36337.3241399999,1008637.629,129863
"214","2011","AR","Arkansas",251401.650169027,1741719.70030154,903240.768541539,22989.85148,68079.58159,0,38629.02595,15341.79574,693438.677,86353
"215","2011","CA","California",1918073.23203328,10341410.9362694,4542309.85229943,164740.30495,1409512.44372,0,196998.0803,166217.774000001,3861632.481,418775
"216","2011","CO","Colorado",417833.772763332,2180977.06971896,1146829.92310896,43882.19627,288193.4578,0,70053.86535,33308.45819,598709.169,82111
"217","2011","CT","Connecticut",221899.052596216,895362.956716052,332190.190506052,955.28082,105777.15834,0,14648.60543,25114.70462,416677.017,51480
"218","2011","DE","Delaware",77220.3252493964,320542.690384185,157963.355834185,5904.21356,30923.77471,0,4471.96124,6008.78103999999,115270.604,14288
"219","2011","DC","District of Columbia",36579.415016806,2242043.15175244,72700.4534424356,208272.17277,23436.69411,0,1802735.58819,3088.90424000001,131809.339,8575
"220","2011","FL","Florida",1617248.00667326,9182577.76169962,4379157.61137962,355230.37997,769972.22721,0,163426.63633,135354.582810001,3379436.324,461794
"221","2011","GA","Georgia",773337.461384424,4000168.32597128,2135191.25590128,21893.61977,455221.78565,0,127833.0644,47891.72325,1212136.877,166815
"222","2011","HI","Hawaii",114891.794971458,628743.771009265,306329.169999266,2373.39066,128522.43767,0,14268.79738,12435.4613,164814.514,21320
"223","2011","ID","Idaho",135911.787570198,661818.548402499,335245.228262499,5190.65451,44779.53209,0,8231.66256,9266.74997999998,259104.721,37114
"224","2011","IL","Illinois",762508.678844523,3272091.0345474,1275452.5475574,28801.99337,301341.48289,0,63680.6732,63165.7175299995,1539648.62,175924
"225","2011","IN","Indiana",482059.0346325,1982521.99685385,940185.289423855,8483.16188,124542.61886,0,38015.78631,25143.2933799999,846151.847,123963
"226","2011","IA","Iowa",228731.422124404,1013967.0163184,464928.825378403,10.21519,54502.45184,0,11603.28031,17993.7455999999,464928.498,70173
"227","2011","KS","Kansas",220909.642580737,1058684.96725537,480436.233635372,4714.61941,80676.0662,0,29752.61189,17371.47912,445733.957,57563
"228","2011","KY","Kentucky",331021.695554849,1995997.73159152,1077682.04173152,8318.56968,115324.9514,0,30267.89368,18883.3500999999,745520.925,99118
"229","2011","LA","Louisiana",297657.522122426,1785970.12995422,914857.147924216,49080.80608,109376.62548,0,28348.35992,17846.70755,666460.483,84724
"230","2011","ME","Maine",136399.818367839,834778.05407889,477990.22818889,4347.99518,45291.75593,0,19861.65388,8030.12489999995,279256.296,38517
"231","2011","MD","Maryland",465726.869439668,2023967.24964396,907285.787503964,13492.32587,286130.10861,0,31027.09586,37919.4118000002,748112.52,76435
"232","2011","MA","Massachusetts",378622.136981572,1980497.36508432,884801.674724319,14254.78714,153101.94795,0,39587.97099,43486.5382800004,845264.446,80747
"233","2011","MI","Michigan",684492.41172642,2705516.50644899,1412134.671039,8088.74282,165647.55161,0,51915.13704,44885.2649399997,1022845.139,137585
"234","2011","MN","Minnesota",371932.847131452,2137370.16063851,1029515.22238851,2257.80723,144335.03986,0,85029.19393,33454.0122299998,842778.885,109513
"235","2011","MS","Mississippi",201925.908089597,1298810.93122327,587394.275913272,71472.07233,79979.67776,0,32071.65345,12550.03877,515343.213,68819
"236","2011","MO","Missouri",496744.627050025,2595337.04215078,1215792.02416078,62610.46173,149238.49956,0,139040.22362,33935.9810799999,994719.852,133049
"237","2011","MT","Montana",100903.640546782,580855.605869522,317673.307119522,6517.69451,28628.75195,0,8166.45203,6388.97126,213480.429,33348
"238","2011","NE","Nebraska",142442.867476014,944835.326869957,510695.723339957,17287.87826,57684.50778,0,29447.33693,13957.35956,315762.521,45488
"239","2011","NV","Nevada",242205.185292605,1326240.33053428,569349.17369428,112100.73683,81287.52646,0,16479.47424,13962.98831,533060.431,59643
"240","2011","NH","New Hampshire",126111.354671989,534090.541660499,249963.596300499,11.25505,52051.34582,0,7387.15118,8381.23030999997,216295.963,27312
"241","2011","NJ","New Jersey",423333.979803941,1713913.16091562,846171.008925624,1263.10078,195337.71705,0,17448.11125,53875.1859099998,599818.037,77590
"242","2011","NM","New Mexico",172594.568642839,1168156.38811307,688459.905403075,5507.23213,62983.97291,0,12834.95367,11848.918,386521.406,48020
"243","2011","NY","New York",913489.181255998,4981958.51699962,1846903.00342962,87729.46812,474458.42897,0,132186.18742,97494.6500600005,2343186.779,230507
"244","2011","NC","North Carolina",760544.087920021,4246209.46735203,2422947.54901203,13876.8341,360492.47093,0,88174.81196,51103.90635,1309613.895,190560
"245","2011","ND","North Dakota",55470.5650346226,295830.767947127,151011.946417127,3973.77999,20258.44581,0,7139.61416,4390.31557,109056.666,18036
"246","2011","OH","Ohio",867239.759827848,5732613.91745204,1693703.49621204,49216.69304,257160.58884,0,1981183.03204,62943.2923199999,1688406.815,213872
"247","2011","OK","Oklahoma",319528.205791826,2334303.78953368,1478415.28530368,2559.36974,119191.07269,0,115282.52761,19370.24519,599485.289,86408
"248","2011","OR","Oregon",327287.580609468,1956118.55630619,1054577.89033619,14440.97208,113552.51802,0,40951.58933,23490.87754,709104.709,90719
"249","2011","PA","Pennsylvania",933403.618742383,4096420.06049439,1776406.61175439,67270.52633,298988.95577,0,173824.36126,81987.1283800001,1697942.477,233142
"250","2011","RI","Rhode Island",68551.7170144574,386928.517627402,175942.903827402,4028.51842,26383.68748,0,16273.76663,5709.74327000001,158589.898,19724
"251","2011","SC","South Carolina",403974.603825879,2406603.25469921,1328372.75987921,27705.76763,201597.62426,0,54408.25909,28267.27584,766251.568,114981
"252","2011","SD","South Dakota",70743.1269987828,510997.934488526,219113.752908526,211.99063,22974.25037,0,10927.06115,5170.29143000001,252600.588,29283
"253","2011","TN","Tennessee",489083.027713963,2770480.1838858,1454541.6912658,14851.54456,190010.34088,0,68073.03865,30322.8425300001,1012680.726,128902
"254","2011","TX","Texas",1683236.91987515,11331651.8545798,5426287.9191198,84374.79319,986465.99664,1391866.42275,228122.26906,107458.17482,3107076.279,405765
"255","2011","UT","Utah",151955.474063092,778186.598667823,336781.165417823,12673.53889,67202.64481,0,49686.86082,12206.05173,299636.337,32324
"256","2011","VT","Vermont",50912.5162590792,259210.615608386,112409.329798386,7308.22452,31986.88768,0,4692.02191,3816.9757,98997.176,14765
"257","2011","VA","Virginia",823348.46594638,3974723.95853211,2046829.81772211,8156.99125,755870.30719,0,84827.55162,59565.68275,1019473.608,131322
"258","2011","WA","Washington",626514.852057617,2896510.6352628,1651780.3822428,29067.78308,300312.97251,0,62927.17768,39992.0567499999,812430.263,108414
"259","2011","WV","West Virginia",163495.525909502,1431395.53321564,595011.270595637,12325.75971,79509.43699,0,185322.97675,9102.00017,550124.089,58646
"260","2011","WI","Wisconsin",407624.338530628,2120184.48751166,969694.735911662,30026.94388,134254.70182,0,60607.23691,34886.5349899997,890714.334,115050
"261","2011","WY","Wyoming",55510.3843315654,299488.395977531,126193.207517531,8745.98883,13934.92855,0,3026.43461,2613.60347,144974.233,18148
"262","2011","PR","Puerto Rico",109376.109922567,1219498.7349847,616396.084434697,40159.34054,37262.88349,0,23209.91921,2425.30031,500045.207,57996
"263","2011","GU","Guam",8061.23695189452,50114.0539150784,37938.9607550784,0,7103.221,0,0,123.30616,4948.566,NA
"264","2012","AL","Alabama",418034.87831157,2415559.94471638,1362005.022,8670.40851,174030.931,0,35909.55223,27826.2730122764,807117.757964103,106490
"265","2012","AK","Alaska",74513.22222876,410052.144671253,178264.206,953.09544,53711.787,0,5961.0247,4200.87394911273,166961.15758214,16704
"266","2012","AZ","Arizona",531909.83395321,2712809.89656082,1179561.726,22330.08937,306312.301,0,109262.17629,36128.6016203564,1059215.00228046,132810
"267","2012","AR","Arkansas",252279.27133895,1674467.07597781,802324.377,24558.67703,73422.519,0,34796.23836,15167.7458141564,724197.518773653,86814
"268","2012","CA","California",1844803.17597691,10274754.0609723,4219748.896,121380.5924,1393886.823,0,181160.66413,164330.881964858,4194246.20347741,431268
"269","2012","CO","Colorado",395612.62825633,2111996.4288061,1011091.753,71072.30492,284979.94,0,65167.22786,29157.2884208618,650527.914605233,85700
"270","2012","CT","Connecticut",215316.27183934,889947.915250001,309789.67,2777.60613,74103.908,0,14171.371,24520.44902844,464584.911091561,51508
"271","2012","DE","Delaware",78687.23483047,309214.960785423,145449.972,1292.5638,29796.965,0,4463.88617,5724.77026987636,122486.803545547,14501
"272","2012","DC","District of Columbia",31839.43644826,2099018.02334049,66819.213,259398.34492,22122.463,0,1582238.72437,3618.48520363636,164820.79284685,8710
"273","2012","FL","Florida",1543496.22355884,8889429.31866016,4067029.763,230488.61979,782267.457,0,155449.50651,132383.018242833,3521810.95411733,471492
"274","2012","GA","Georgia",776204.68538842,3928850.93347601,2090187.397,31441.18828,388892.368,0,109234.51842,48953.1129552982,1260142.34882072,172624
"275","2012","HI","Hawaii",116843.73453946,607053.730909781,268665.356,1604.69686,132201.754,0,14112.34439,13186.7138492836,177282.865810498,22169
"276","2012","ID","Idaho",138319.92674182,635945.74072006,287722.637,5144.3435,48246.229,0,7549.48711,7881.50801233091,279401.536097729,39283
"277","2012","IL","Illinois",764203.29926094,3237715.2739069,1180083.509,30302.57394,280997.729,0,55509.22884,67099.2510668836,1623722.98206001,178075
"278","2012","IN","Indiana",498944.35766659,2001897.53332632,873834.968,14323.87727,131324.824,0,44155.96985,24295.7307966218,913962.163409695,126530
"279","2012","IA","Iowa",238236.4135185,994001.298460042,425818.071,15.59208,67378.636,0,10314.78021,18484.4151050509,471989.804064991,71887
"280","2012","KS","Kansas",226916.353553,1042004.10200469,458117.629,796.14845,87106.887,0,26873.50896,16196.1031338655,452913.825460821,58197
"281","2012","KY","Kentucky",342369.67524165,1904184.05769282,946643.192,17728.91786,119126.453,0,36018.20482,19409.9763416727,765257.313671149,99966
"282","2012","LA","Louisiana",319349.17265853,1774088.43848116,873881.297,74955.15661,109907.435,0,26676.42189,19161.74638836,669506.381592798,85943
"283","2012","ME","Maine",130196.00772268,776816.590310225,420454.152,271.84951,37663.068,0,19618.96528,8176.18861699637,290632.366903229,39400
"284","2012","MD","Maryland",450400.76028757,1991532.60510346,825855.917,14182.43855,273253.847,0,28640.20978,36018.7841539636,813581.408619497,77720
"285","2012","MA","Massachusetts",388538.5466677,1978765.52736952,810371.424,27241.28085,153620.156,0,33944.08178,39935.4971072182,913653.087632307,82303
"286","2012","MI","Michigan",680416.61015092,2768688.91998742,1391510.409,10062.71915,171896.052,0,50491.5274,43062.9557103818,1101665.25672704,142260
"287","2012","MN","Minnesota",369294.56341016,1978158.53510191,863698.161,3139.27564,133639.219,0,81451.38617,31131.8233152873,865098.669976623,112407
"288","2012","MS","Mississippi",227334.64547746,1276247.40694757,581098.532,14503.49568,78966.532,0,29031.52901,11741.2827802036,560906.035477364,69060
"289","2012","MO","Missouri",505729.25564848,2527524.36601797,1153182.493,23204.0977,161336.625,0,145834.64849,31630.3333089055,1012336.16851906,135475
"290","2012","MT","Montana",102246.47876915,537303.453189884,258790.546,34.29031,34722.093,0,7513.33156,7934.71689705818,228308.475422826,33912
"291","2012","NE","Nebraska",141101.83430268,887640.912978134,427267.934,13126.70852,58707.97,0,34294.17905,11913.7352550436,342330.38615309,46798
"292","2012","NV","Nevada",228392.79961676,1295319.14446723,516006.614,35325.77719,85700.913,0,14176.05312,12824.76255456,631285.024602666,61534
"293","2012","NH","New Hampshire",113100.9264905,516990.103627732,221888.438,379.115,51111.057,0,6255.48838,8564.48436382909,228791.520883903,28341
"294","2012","NJ","New Jersey",441820.12492774,1633179.33441726,774174.356,1808.94121,164538.781,0,16111.3844,47093.1797748,629452.692032465,77860
"295","2012","NM","New Mexico",172085.09169454,1129054.75119934,596324.203,7512.06333,63129.534,0,16279.11175,12451.1988215455,433358.640297796,49031
"296","2012","NY","New York",918092.83678626,4768842.1651886,1733092.098,34490.53772,414224.049,0,126470.6695,92740.4146249309,2367824.39634367,231781
"297","2012","NC","North Carolina",771654.23904251,4193637.49680673,2285260.333,20702.32675,344204.874,0,93656.03754,48884.3710635164,1400929.55445322,197386
"298","2012","ND","North Dakota",56408.07260316,279238.333378086,127968.067,6643.32792,19458.06,0,6741.5558,3589.42214798182,114837.900510104,18160
"299","2012","OH","Ohio",899614.84870543,5805377.38145602,1583125.498,25262.4868,268768.594,0,2051086.57586,58437.6177891273,1818696.6090069,218955
"300","2012","OK","Oklahoma",342815.93387913,2215692.67826397,1331603.521,4315.23691,121711.975,0,113145.75489,18438.9611907491,626477.229273221,89052
"301","2012","OR","Oregon",328137.67270166,1915326.52928349,924333.411,27502.30498,120664.022,0,36215.6824,22224.1442214545,784386.964682033,93529
"302","2012","PA","Pennsylvania",980528.95520062,4075363.91010628,1720685.038,61840.23021,296410.116,0,166462.17884,75897.6348619636,1754068.71219431,231875
"303","2012","RI","Rhode Island",71457.3285596,425788.787626874,167868.863,22647.56053,26970.85,0,19058.14379,6527.12415106909,182716.246155805,19991
"304","2012","SC","South Carolina",421524.86508577,2402618.95131285,1301454.857,10670.77219,200887.059,0,59584.50542,28335.2177419964,801686.539960857,119403
"305","2012","SD","South Dakota",75929.89495119,489296.722674908,187591.243,1537.14672,28302.211,0,10484.59031,6003.60739862182,255377.924246286,29749
"306","2012","TN","Tennessee",525593.84037419,2792091.93721058,1399741.253,13759.99455,197153.188,0,65267.24385,31116.8439619745,1085053.4138486,131530
"307","2012","TX","Texas",1675689.29779525,11164622.2768205,4959438.195,66077.22602,979946.85,1588711.50758,213674.83273,107046.977685131,3249726.68780533,417639
"308","2012","UT","Utah",151785.85917142,770752.521441121,295026.524,14065.49646,79200.08,0,50590.10442,10752.8339490109,321117.48261211,33131
"309","2012","VT","Vermont",49904.82131014,241641.375052371,105306.995,6916.27315,16312.438,0,4391.74555,3487.73168977091,105226.1916626,14912
"310","2012","VA","Virginia",837050.847217842,3852374.87515545,1904164.023,13182.93675,744301.849,0,67169.96312,56249.30471868,1067306.79856677,135910
"311","2012","WA","Washington",607501.01312957,2813701.34013532,1448668.94,50463.20641,310748.816,0,63013.64771,42834.0554165673,897972.674598754,113997
"312","2012","WV","West Virginia",175497.05972527,1374657.96967157,566535.499,9547.07903,42877.199,0,204801.45707,10573.0053427855,540323.730228782,58621
"313","2012","WI","Wisconsin",418460.85560473,2034321.14557782,861183.883,12940.75327,120359.249,0,64265.69163,33564.2517864,942007.316891418,116497
"314","2012","WY","Wyoming",56433.52085511,281753.400439072,110732.426,3704.88877,13228.524,0,1621.77336,3911.27273028,148554.515578792,18336
"315","2012","PR","Puerto Rico",102921.4334821,1243966.23388612,604033.941,62023.20134,43296.08,0,24207.87578,2268.14532844364,508136.990437675,58201
"316","2012","GU","Guam",8913.25601503,53349.7644109091,37657.914,0,7485.209,0,0,882.866410909091,7323.775,NA
"317","2013","AL","Alabama",414963.18874535,2824088.49615483,1580860.535,1921.7469,189413.652,0,33884.85852,29857.4038099999,988150.299924835,108175
"318","2013","AK","Alaska",74670.67751244,501604.261848657,211259.883,616.10242,61849.811,0,6686.46092,3440.63763,217751.366878657,17304
"319","2013","AZ","Arizona",527399.53925347,3220904.74899363,1409346.495,21201.36831,343819.709,0,108885.30599,36145.3668299999,1301506.50386363,137362
"320","2013","AR","Arkansas",250095.045380721,1946614.50662182,924670.594,7938.3338,79062.838,0,31331.48548,13484.36235,890126.892991825,86763
"321","2013","CA","California",1795454.69134008,12707535.7993076,5397860.031,145008.1874,1599760.457,0,192392.35384,162955.51911467,5209559.25095296,444432
"322","2013","CO","Colorado",390823.84209436,2594676.60676935,1212142.876,112613.65734,324347.441,0,62854.32576,32483.4492799999,850234.857389354,90822
"323","2013","CT","Connecticut",207759.3372707,1078566.99229721,365637.836,8332.19842,96415.817,0,13794.21233,24195.04966,570191.878887213,51360
"324","2013","DE","Delaware",78015.97314888,362616.977049774,169963.428,858.74693,34330.953,0,3894.98813,5594.95556,147973.905429774,14676
"325","2013","DC","District of Columbia",31165.78190763,2295598.63606773,78699.103,153310.2544,31053.919,0,1825604.41342,2785.28614,204145.660107735,8800
"326","2013","FL","Florida",1520562.86544117,10430773.5607828,4728272.632,131869.99681,892554.681,0,146087.91454,139644.53304,4392343.80339277,479193
"327","2013","GA","Georgia",774464.0589053,4670708.93406115,2482164.445,3359.1175,453033.829,0,109242.26916,48822.2507400001,1574087.02266115,179821
"328","2013","HI","Hawaii",116946.72690498,754679.987508979,337918.692,1689.78174,142729.025,0,16013.24938,13109.33728,243219.902108979,23825
"329","2013","ID","Idaho",138108.1439874,746018.449737053,334504.26,11690.00656,51512.797,0,7806.66248,8005.53277,332499.190927053,39928
"330","2013","IL","Illinois",744710.24119303,3854716.99266312,1450236.14,18557.8581,311330.098,0,51835.40107,65139.0764073341,1957618.41908579,180384
"331","2013","IN","Indiana",490379.99686737,2477766.58321536,1092854.711,8783.16879,150032.974,0,48931.49247,27940.53122,1149223.70573536,128499
"332","2013","IA","Iowa",233814.685228639,1192888.83252262,505601.286,79.34025,74079.321,0,10584.5232,18890.99481,583653.367262615,72191
"333","2013","KS","Kansas",223707.711598922,1237984.91635997,529023.138,742.63708,103950.19,0,27158.29662,17339.7741956268,559770.880464338,58097
"334","2013","KY","Kentucky",339334.109955754,2229580.20617891,1087772.109,7128.77267,139199.317,0,37982.74437,18871.1971190516,938626.066019859,101096
"335","2013","LA","Louisiana",315342.458320289,2202388.15744637,1016205.686,202777.29706,120767.155,0,26501.35955,19941.41876,816195.241076369,86890
"336","2013","ME","Maine",127694.44375498,873125.352223941,467397.842,7.23102,42576.727,0,18276.99123,9459.00777000001,335407.553203941,39358
"337","2013","MD","Maryland",443076.14507119,2453556.93330116,1047226.194,7521.00967,333942.667,0,24725.01677,42512.32936,997629.716501163,82183
"338","2013","MA","Massachusetts",374808.7916937,2371613.04393663,985893.695,20551.66613,192974.791,0,32545.84278,41234.73884,1098412.31018663,84345
"339","2013","MI","Michigan",660772.927951882,3361960.79270728,1675388.378,6184.65226,208564.903,0,51290.83178,43961.4158099999,1376570.61185728,146804
"340","2013","MN","Minnesota",360754.30430232,2336964.79773041,986609.026,15599.66436,133628.675,0,82026.61682,33370.19368,1085730.62187041,113577
"341","2013","MS","Mississippi",225469.06437802,1470949.50324757,666715.323,12229.67769,88010.247,0,29312.52688,13393.9288515913,661287.799825982,69676
"342","2013","MO","Missouri",497873.67058131,3025844.63846472,1386280.02,34423.01676,189472.786,0,146125.82758,32795.7888198221,1236747.19930489,137008
"343","2013","MT","Montana",101596.57154516,646509.238525952,290869.231,8.44126,38236.901,0,7764.8002,7071.76443637658,302558.100629575,35189
"344","2013","NE","Nebraska",138773.4040549,1023760.93857438,487974.534,9837.00727,63596.532,0,36470.40891,12588.7770776604,413293.679316717,47275
"345","2013","NV","Nevada",225933.29233095,1573090.93824707,641968.523,19640.92626,95562.052,0,13504.8503,14515.73869,787898.847997065,65443
"346","2013","NH","New Hampshire",110777.60155648,613805.381477614,268735.155,1282.46283,50860.506,0,6142.43018,8472.8862,278311.941267614,28604
"347","2013","NJ","New Jersey",425093.79456313,1927021.1207747,906744.056,6577.68874,196112.886,0,15867.9214,51994.31888,749724.249754703,77179
"348","2013","NM","New Mexico",170698.95703188,1312942.6208073,686221.789,26570.87208,67315.439,0,12585.96903,12750.02466,507498.527037305,49981
"349","2013","NY","New York",885796.20052924,5621910.59971982,2063565.6,17521.21014,493102.174,0,120557.68296,94116.0189100002,2833047.91370982,231161
"350","2013","NC","North Carolina",769384.037551268,5067823.42057,2712319.308,21237.99106,399186.381,0,91537.97797,53714.3437299998,1789827.41881,205006
"351","2013","ND","North Dakota",56213.04348646,334755.000145893,149595.592,2623.10877,22769.528,0,6478.66129,3770.43420251913,149517.675883374,18526
"352","2013","OH","Ohio",877894.38885769,6643911.3568812,1837566.699,34987.45756,296446.317,0,2202389.17337,59095.9839400002,2213425.7260112,223944
"353","2013","OK","Oklahoma",340394.852049522,2568389.55112921,1544376.185,5319.53996,131029.631,0,121588.1588,19958.15832,746117.878049208,90731
"354","2013","OR","Oregon",322355.13966701,2283128.55225179,1100286.566,36701.90693,128168.789,0,35298.18709,23227.94227,959445.160961787,96190
"355","2013","PA","Pennsylvania",953644.12531162,4782351.48019564,2029588.758,49407.44014,359064.896,0,158258.16125,82385.5372300003,2103646.68757564,232054
"356","2013","RI","Rhode Island",69206.02446047,474338.45565353,193988.003,2867.48462,35524.527,0,19475.53145,5928.15549,216554.75409353,20132
"357","2013","SC","South Carolina",420968.21600993,2876324.26526672,1557784.266,2556.69604,223347.772,0,63246.23094,28310.44409,1001078.85619672,123070
"358","2013","SD","South Dakota",75686.75464986,564489.372184915,209347.403,1976.12119,30364.316,0,10391.54969,5461.22265296406,306948.759651951,29744
"359","2013","TN","Tennessee",521266.61772452,3320710.32702785,1652616.152,6442.86712,236754.39,0,63013.90282,33643.67616,1328239.33892785,135582
"360","2013","TX","Texas",1667740.18652639,12943392.602171,6091910.091,30026.01108,1118113.988,1385063.00513,220626.25539,110749.763480024,3986903.48809095,434255
"361","2013","UT","Utah",150771.02705789,887516.434596624,350923.49,6163.32254,85973.515,0,53144.80637,10032.73407,381278.566616624,34062
"362","2013","VT","Vermont",48812.13909731,273966.310149251,118285.563,1104.86227,20295.849,0,3991.57809,3339.66862000001,126948.789169251,14925
"363","2013","VA","Virginia",840397.858086483,4653544.74460474,2291199.633,22760.6384,874229.199,0,61129.14876,60779.2808299999,1343446.84461474,142605
"364","2013","WA","Washington",602271.66199831,3384110.45442081,1788537.485,55674.47462,343793.104,0,67749.41776,41915.47403,1086440.49901081,118461
"365","2013","WV","West Virginia",173388.531644241,1601256.01262711,625689.459,6525.01876,44341.3,0,261559.60549,9870.73065999999,653269.898717109,58733
"366","2013","WI","Wisconsin",409419.38347594,2421848.7749619,972510.872,12223.81568,133678.981,0,69991.45552,34398.25064,1199045.4001219,118371
"367","2013","WY","Wyoming",56517.73067295,343611.029208455,127556.506,7264.34899,15750.948,0,1455.60767,3130.92609,188452.692458455,18583
"368","2013","PR","Puerto Rico",99928.18189044,1387776.91244181,697878.794,7755.85996,46540.729,0,19912.33564,2495.75812625019,613193.435715556,58009
"369","2013","GU","Guam",9054.91576394,66330.0433,46193.247,0,10629.358,0,0,495.0653,9012.373,0
"370","2014","AL","Alabama",413618.182619407,3191317.03104265,1875091.038,4991.58804,225324.925,0,35139.92539,29054.058348,1021715.49626465,110616
"371","2014","AK","Alaska",73397.0880853753,552279.97078534,244436.551,165.29978,74731.128,0,6154.36383,3854.56014,222938.06803534,18182
"372","2014","AZ","Arizona",532205.844378777,3607036.45553401,1666170.04,15452.16593,410041.294,0,107135.14046,33149.451168,1375088.36397601,143785
"373","2014","AR","Arkansas",249274.188332367,2143833.84080229,1055812.719,7143.02961,95186.277,0,29630.67377,15815.518488,940245.622934286,86718
"374","2014","CA","California",1851469.99482348,14318281.2334348,6376052.133,153524.8631,1848364.494,0,197939.59945,157548.677952,5584851.46593277,460954
"375","2014","CO","Colorado",413271.378747424,3073039.02488073,1447415.841,221644.41784,379047.247,0,61078.74656,32291.01486,931561.757620728,95382
"376","2014","CT","Connecticut",213419.987561675,1171098.70800508,432271.273,402.67939,106708.759,0,14238.19323,24165.932064,593311.871321081,51073
"377","2014","DE","Delaware",78099.1375392,398842.121402799,199731.975,693.06959,38125.991,0,3791.6683,5711.313516,150788.103996799,15000
"378","2014","DC","District of Columbia",29825.06111299,2703410.18207397,90386.511,257897.03611,35085.505,0,2091541.22001,3093.780516,225406.129437975,8598
"379","2014","FL","Florida",1583696.93177715,11688201.2233482,5618726.008,80833.07901,1043675.362,0,149941.58579,132732.300012,4662292.88853621,493890
"380","2014","GA","Georgia",752882.315073667,5398211.13907263,3004840.424,1056.21957,528777.029,0,106880.52052,48835.969656,1707820.97632663,189127
"381","2014","HI","Hawaii",121006.686753806,842115.461099348,388532.222,572.63971,167447.206,0,16592.61869,14822.239404,254148.535295348,25041
"382","2014","ID","Idaho",132395.022799153,827989.530690053,401210.805,994.83707,58612.382,0,8179.98217,7587.17601600001,351404.348434053,41266
"383","2014","IL","Illinois",721574.933280732,4248086.21707982,1680631.966,17019.43088,349069.372,0,49986.18199,62952.928284,2088426.33792582,182101
"384","2014","IN","Indiana",476282.684243914,2667904.98758781,1239687.671,1548.91697,165293.027,0,50029.46207,24944.17374,1186401.73680781,129308
"385","2014","IA","Iowa",231654.806927451,1339350.17698131,592671.439,378.92123,78530.039,0,11155.77604,18393.217788,638220.783923305,72367
"386","2014","KS","Kansas",221205.817846719,1358490.88747161,632709.34,269.66066,113361.594,0,25295.1002,16882.869852,569972.322759607,58490
"387","2014","KY","Kentucky",330599.122155407,2425357.92263089,1255748.134,10244.83349,155455.063,0,40024.24549,18857.785848,945027.860802894,101840
"388","2014","LA","Louisiana",330144.976285098,2540465.52243587,1211754.095,260203.80271,146467.877,0,26158.43783,20187.183468,875694.126427869,88621
"389","2014","ME","Maine",127234.183393373,959396.323584784,541753.997,125.6473,45923.856,0,18616.08462,8732.517576,344244.221088784,39859
"390","2014","MD","Maryland",437762.305339077,2688110.6627815,1228853.998,5298.65628,364341.766,0,23588.97199,38630.355264,1027396.9152475,82383
"391","2014","MA","Massachusetts",379772.065665921,2593152.302616,1159009.484,5711.88662,209260.865,0,29524.16224,43491.346632,1146154.558124,83926
"392","2014","MI","Michigan",658469.417091224,3753562.59192571,1983450.742,17517.09866,232513.544,0,52983.46177,46115.74068,1420982.00481571,150215
"393","2014","MN","Minnesota",369148.777173396,2564645.9585451,1146384.372,16225.23289,151587.147,0,83321.75416,30814.698708,1136312.7537871,115827
"394","2014","MS","Mississippi",220388.668339409,1657041.89423922,776678.64,36478.12458,100466.583,0,30094.45052,14544.217512,698779.878627218,69754
"395","2014","MO","Missouri",494346.165916869,3440223.04717715,1651755.2,79827.88283,209426.148,0,154454.81029,32728.03884,1312030.96721715,139929
"396","2014","MT","Montana",99646.2378469211,731755.427171104,335093.072,250.45383,42165.918,0,8087.66422,7950.268416,338208.050705104,35966
"397","2014","NE","Nebraska",143375.081900988,1136145.90942794,557740.503,9146.60864,70253.853,0,36826.54247,13011.563376,449166.838941938,47352
"398","2014","NV","Nevada",228027.40022139,1780650.70137374,776442.583,50831.26018,108907.642,0,12870.00171,13405.87968,818193.33480374,69464
"399","2014","NH","New Hampshire",113660.333168137,674052.266071964,311022.394,3743.91589,58392.255,0,5999.78433,8978.741892,285915.174959964,28969
"400","2014","NJ","New Jersey",428395.721177871,2115577.73138569,1047058.079,555.29085,214107.553,0,18716.38925,51044.732784,784095.686501685,77128
"401","2014","NM","New Mexico",171528.26872206,1450001.72523718,794229.386,11766.8978,79524.28,0,12853.83413,11087.489208,540539.838099184,51702
"402","2014","NY","New York",892221.242855907,6123810.29964314,2396837.266,30504.09224,548239.673,0,124442.38127,92820.60216,2930966.28497314,230159
"403","2014","NC","North Carolina",775020.250304967,5949872.75460313,3328183.405,8404.88773,478939.071,0,93726.47585,53403.362016,1987215.55300712,214278
"404","2014","ND","North Dakota",57395.1269687026,367003.286418341,171164.726,3969.5322,25528.136,0,6507.54133,4155.86634,155677.484548341,18988
"405","2014","OH","Ohio",866480.517391811,7504280.56386589,2235023.115,21381.76465,324968.532,0,2549868.24424,56927.647308,2316111.26066789,230266
"406","2014","OK","Oklahoma",337571.276860108,2934748.31413828,1823983.411,4905.35821,155650.069,0,121168.67777,20466.87966,808573.918498278,92674
"407","2014","OR","Oregon",331632.419955789,2542834.01887566,1282449.363,19124.15853,142348.4,0,35596.69706,23412.721524,1039902.67876166,99502
"408","2014","PA","Pennsylvania",939069.139161769,5260391.1720669,2432807.229,19992.47039,376416.837,0,158370.60587,79167.3657480001,2193636.6640589,233551
"409","2014","RI","Rhode Island",71966.270413977,529502.889208954,232603.522,3355.07179,40497.86,0,21115.04897,6221.091576,225710.294872954,19954
"410","2014","SC","South Carolina",417553.509733176,3289095.29283818,1868959.136,10942.1134,267184.723,0,65216.40007,31414.724664,1045378.19570418,127365
"411","2014","SD","South Dakota",72030.2616866139,619863.732789245,238175.225,3531.17303,31787.083,0,11592.9835,6102.603876,328674.664383245,29827
"412","2014","TN","Tennessee",506339.957980024,3758887.70913722,1995305.412,6028.30605,269071.395,0,63216.58491,32085.404508,1393180.60666922,140625
"413","2014","TX","Texas",1680417.93171331,15394004.6425418,7282259.67199999,28797.88529,1357829.518,2046206.49982,223666.90621,110140.675788,4345103.48543385,446303
"414","2014","UT","Utah",151718.518055373,1029343.79911101,433072.702,2155.8481,120457.02,0,56947.44299,11521.485444,405189.300577012,35142
"415","2014","VT","Vermont",48601.6226438822,295362.046819724,135802.974,1559.90651,20321.381,0,3796.07991,3154.872828,130726.832571724,14919
"416","2014","VA","Virginia",781387.928255166,5251707.26796802,2729280.183,21218.11505,931879.984,0,63299.83924,62359.897092,1443669.24958602,148585
"417","2014","WA","Washington",603622.617203573,3811479.02384026,2070141.473,33346.2667,392246.646,0,71073.52738,41738.638488,1202932.47227226,124006
"418","2014","WV","West Virginia",167355.108902195,1826167.17243885,722957.615,9927.10015,49784.371,0,318791.1512,8505.371016,716201.564072853,59261
"419","2014","WI","Wisconsin",413722.689557693,2665107.12128654,1142091.361,11983.95495,143543.764,0,70815.80404,33241.753008,1263430.48428854,120515
"420","2014","WY","Wyoming",49707.7402776105,383891.446056104,152461.065,4143.65895,17543.565,0,1623.04345,2710.1607,205409.952956104,18730
"421","2014","PR","Puerto Rico",93240.15825673,1563236.60229758,816543.784,17829.9845,65063.603,0,22156.58731,2832.272004,638810.371483582,57248
"422","2014","GU","Guam",9452.5963001686,88631.2484187813,51980.674,0,15388.667,0,0,831.526764,20430.3806547813,2584
"423","2015","AL","Alabama",411717.468012932,3248127.3765829,1856515.12,9856.96526,217277.568,0,37450.16199,24417.966,1102609.5953329,111832
"424","2015","AK","Alaska",73275.7988364943,584862.50134784,247523.916,39.66441,72262.043,0,8107.09763,2642.225,254287.555307839,19256
"425","2015","AZ","Arizona",528486.269785301,3757595.93969472,1652046.944,19007.02759,407881.614,0,79842.68085,37466.16,1561351.51325472,147953
"426","2015","AR","Arkansas",247887.62111677,2174053.01839234,1037492.349,17025.61035,88985.634,0,30086.21627,14966.265,985496.943772336,86908
"427","2015","CA","California",1802445.53733857,14938931.4797776,6552099.923,158970.28888,1786145.848,0,195903.52697,168464.784,6077347.10892761,467539
"428","2015","CO","Colorado",409469.022137121,3482532.82998214,1490936.298,438517.64019,391310.589,0,60067.62856,36676.628,1065024.04623214,100614
"429","2015","CT","Connecticut",206548.629361803,1249123.95876276,435226.12,160.10675,107651.498,0,15454.9713,22613.181,668018.081712762,50584
"430","2015","DE","Delaware",77354.04016469,422277.674660873,204297.309,2645.93623,36679.63,0,3328.19038,4472.494,170854.115050873,15657
"431","2015","DC","District of Columbia",29470.46937829,2960157.04022029,88498.113,163142.67103,29182.206,0,2436002.31007,3506.513,239825.227120289,8580
"432","2015","FL","Florida",1558441.303958,12276149.3121848,5626994.551,125364.65073,1021330.715,0,152603.18005,135626.998,5214229.2174048,503251
"433","2015","GA","Georgia",752499.45692082,5705037.19536827,3112295.384,9538.35113,508281.649,0,106659.14851,53166.677,1915095.98572827,197458
"434","2015","HI","Hawaii",120482.391222922,888037.449895649,394010.299,3346.92403,183257.119,0,16891.13122,13611.195,276920.781645649,26450
"435","2015","ID","Idaho",132334.471649752,893404.046193127,405841.432,12261.73174,56724.269,0,9580.41611,8767.412,400228.785343127,42592
"436","2015","IL","Illinois",705581.594759935,4395048.04193083,1687259.833,13424.38017,329365.491,0,49120.04536,61783.826,2254094.46640084,181710
"437","2015","IN","Indiana",469209.833747526,2787065.9507687,1233530.441,5404.60543,151371.9,0,53740.89521,25497.444,1317520.6651287,130705
"438","2015","IA","Iowa",227990.857179306,1397550.69417306,581555.963,248.21703,74950.003,0,11567.85735,19432.696,709795.957793055,72039
"439","2015","KS","Kansas",218415.715094841,1415559.04926857,631884.843,738.11317,110338.218,0,23747.04052,16835.679,632015.155578573,58852
"440","2015","KY","Kentucky",328408.263928785,2501382.76170261,1231438.198,15543.5372,141334.919,0,43806.97025,17999.586,1051259.55125261,101799
"441","2015","LA","Louisiana",326229.057270683,2658351.00229929,1211259.666,288759.11101,146459.519,0,28577.23319,20551.659,962743.814099291,89654
"442","2015","ME","Maine",125077.869812491,982591.164238589,519582.52,101.4267,42841.074,0,19660.46002,10280.761,390124.922518589,40174
"443","2015","MD","Maryland",430446.05174808,2866922.88078105,1279895.44,10172.65817,350881.823,0,24263.51676,35023.053,1166686.38985105,84729
"444","2015","MA","Massachusetts",367530.973234098,2693536.48450901,1141559.686,5359.61654,211092.497,0,27522.36682,39885.667,1268116.65114901,84625
"445","2015","MI","Michigan",640864.833277301,3856571.92842585,1959409.943,10804.53309,215843.525,0,54702.36711,46716.525,1569095.03522585,152881
"446","2015","MN","Minnesota",361128.969472755,2637123.57345479,1123595.194,10725.75917,146596.925,0,86488.02959,35199.504,1234518.16169479,117414
"447","2015","MS","Mississippi",218979.702701476,1739068.037529,791716.194,34603.0321,96930.083,0,29818.64983,12940.776,773059.302598994,69923
"448","2015","MO","Missouri",488219.522415425,3556661.00359497,1627459.649,70190.23862,199876.795,0,154122.80226,34210.516,1470801.00271497,140618
"449","2015","MT","Montana",99033.919060217,780684.991718745,324328.843,5971.67301,40827.801,0,8800.91886,7001.527,393754.228848745,36365
"450","2015","NE","Nebraska",141213.314099301,1171266.39682663,546459.183,11448.42805,65077.958,0,37409.97167,11703.054,499167.802106632,47822
"451","2015","NV","Nevada",225072.731616275,1885150.92476173,818843.69,27881.75284,107052.547,0,14560.90672,12546.988,904265.040201733,71894
"452","2015","NH","New Hampshire",111389.367367196,702720.032556984,313725.041,554.85367,59060.335,0,6587.33858,9098.215,313694.249306984,29595
"453","2015","NJ","New Jersey",413187.733741918,2157161.88580132,1036505.967,5046.55806,207473.935,0,18670.1366,49038.815,840426.474141319,77318
"454","2015","NM","New Mexico",170132.183085073,1499349.60498871,782081.032,11496.81465,76754.694,0,13726.93753,12854.472,602435.654808707,52842
"455","2015","NY","New York",862804.911289171,6284863.14255212,2377226.868,36121.23276,567638.927,0,107919.16029,94697.891,3101259.06350211,227633
"456","2015","NC","North Carolina",773884.024070752,6380720.07062331,3436153.911,12444.9583,474298.501,0,95035.54724,58335.666,2304451.48708331,221522
"457","2015","ND","North Dakota",57086.4533590842,386285.362527466,167895.224,5151.06345,24961.784,0,6291.47492,3862.844,178122.972157466,19361
"458","2015","OH","Ohio",848123.901167583,7699528.57747192,2192678.567,24745.12636,307467.782,0,2608850.93246,59109.52,2506676.64965192,231996
"459","2015","OK","Oklahoma",335905.011316159,3003074.00448402,1812030.919,10508.91659,153716.199,0,123447.01068,20901.186,882469.773214024,95358
"460","2015","OR","Oregon",326337.83852465,2627978.87790246,1281055.306,13213.24165,145921.408,0,36758.19617,26338.747,1124691.97908246,100961
"461","2015","PA","Pennsylvania",916638.172084209,5432717.64761506,2402975.456,33688.33114,359206.367,0,159980.79181,78070.661,2398796.04066506,234347
"462","2015","RI","Rhode Island",69861.897904337,545538.148930168,223371.368,2427.44468,39554.798,0,25054.67519,6256.601,248873.262060168,19707
"463","2015","SC","South Carolina",417514.751858245,3484527.10411869,1909397.532,8411.38815,267690.126,0,68553.75606,30328.416,1200145.88590869,132146
"464","2015","SD","South Dakota",71735.7476904778,666733.13925267,236223.937,15050.06266,30536.092,0,11253.83782,4497.108,369172.10177267,30167
"465","2015","TN","Tennessee",503675.334329282,3977481.09818892,2046341.567,10755.32,265298.756,0,64844.46795,33728.805,1556512.18223892,143137
"466","2015","TX","Texas",1675262.00549608,14812595.241924,7447453.596,36772.33788,1376590.072,865419.01438,222872.4397,119106.078,4744381.70396403,463875
"467","2015","UT","Utah",150903.770902935,1118885.06122832,440335.323,3463.15824,127275.646,0,59881.27522,12168.893,475760.765768318,36004
"468","2015","VT","Vermont",47664.0130149426,324117.986168643,134177.053,8801.09209,19992.1,0,4085.37162,3494.021,153568.348458643,14920
"469","2015","VA","Virginia",783108.457951092,5424411.22686161,2775626.763,15689.21237,890627.014,0,64952.32814,54280.161,1623235.74835161,152800
"470","2015","WA","Washington",598459.905620327,4004525.57382848,2140766.199,50483.53128,398814.139,0,71630.66319,41277.826,1301553.21535848,128240
"471","2015","WV","West Virginia",165709.054490089,1896030.88374489,705354.935,4092.43182,46197.875,0,369208.93712,9374.163,761802.541804887,58450
"472","2015","WI","Wisconsin",405728.96594413,2756149.87337618,1118396.042,18677.51351,134092.425,0,72836.53138,35051.255,1377096.10648618,121747
"473","2015","WY","Wyoming",49837.7856757215,426957.18959887,156163.121,6034.41936,17174.056,0,1792.66551,3027.832,242765.09572887,19092
"474","2015","PR","Puerto Rico",90394.73624585,1602762.37662842,784776.541,22876.07127,64137.321,0,21447.57626,5223.58,704301.287098422,56100
"475","2015","GU","Guam",9493.4839339325,89961.123,53086.885,0,16101.432,0,0,426.825,20345.981,2934
